new_id;100m_rep_id;lat (deg);long (deg);elev (m);fboritas;nuts3;Tavg;dTavg
1;26410;45.8;17.9;97;3;HU231;11;10.31
2;39204;45.8;18;95;1;HU231;11.09;10.31
3;52852;45.8;18.1;92;1;HU231;11.31;10.12
4;28484;45.8;18.2;91;1;HU231;11.33;10.19
5;7167;45.8;18.3;90;1;HU231;11.17;10.46
6;9189;45.8;18.4;92;1;HU231;11.02;10.66
7;19344;45.8;18.5;96;1;HU231;11.02;10.7
8;155341;45.9;17.7;102;1;HU232;10.71;10.03
9;78987;45.9;17.8;101;3;HU231;10.95;10.22
10;137137;45.9;17.9;100;1;HU231;10.84;9.97
11;120572;45.9;18;100;1;HU231;11.23;10.12
12;144164;45.9;18.1;110;1;HU231;11.12;10.36
13;121161;45.9;18.2;138;1;HU231;10.71;10.75
14;121564;45.9;18.3;158;1;HU231;11.16;10.19
15;76905;45.9;18.4;145;1;HU231;11.09;10.06
16;128320;45.9;18.5;121;1;HU231;10.86;10.39
17;123008;45.9;18.6;108;1;HU231;11.22;10.22
18;167547;45.9;18.8;85;3;HU231;11.14;10.53
19;207188;46;17.4;113;1;HU232;10.82;9.9
20;352876;46;17.5;129;3;HU232;10.61;10.06
21;248850;46;17.6;125;3;HU232;10.74;9.95
22;213308;46;17.7;112;1;HU231;10.9;10.11
23;244487;46;17.8;108;1;HU231;11.03;9.94
24;276433;46;17.9;108;1;HU231;11.25;9.87
25;249959;46;18;114;1;HU231;11.55;9.72
26;314968;46;18.1;143;1;HU231;11.6;10.13
27;235263;46;18.2;171;1;HU231;11.08;9.52
28;288277;46;18.3;172;1;HU231;10.74;9.17
29;246214;46;18.4;160;1;HU231;11.04;10.02
30;266999;46;18.5;161;1;HU231;10.23;10.11
31;283565;46;18.6;125;1;HU231;10.78;10.41
32;333246;46;18.7;90;1;HU231;10.87;10.74
33;362111;46;18.8;83;1;HU231;11.07;10.54
34;161088;46;18.9;84;1;HU331;11.19;10.42
35;196998;46;19;88;1;HU331;11.25;10.37
36;357185;46;19.2;106;1;HU331;10.99;10.39
37;409777;46.1;17.3;125;1;HU232;10.76;9.72
38;435411;46.1;17.4;130;3;HU232;10.74;10.08
39;556370;46.1;17.5;153;3;HU232;10.46;9.93
40;518506;46.1;17.6;154;3;HU232;10.79;9.73
41;477253;46.1;17.7;140;1;HU231;10.72;9.83
42;568026;46.1;17.8;145;1;HU231;10.64;9.79
43;441933;46.1;17.9;177;3;HU231;10.23;9.15
44;503374;46.1;18;189;3;HU231;10.73;10.94
45;563248;46.1;18.1;268;3;HU231;8.89;9.53
46;546550;46.1;18.2;343;3;HU231;8.11;7.24
47;478430;46.1;18.3;231;3;HU231;10.21;11
48;509488;46.1;18.4;197;1;HU231;10.04;11.21
49;458256;46.1;18.5;193;1;HU231;9.88;10.26
50;408002;46.1;18.6;164;1;HU231;10.38;10.85
51;413027;46.1;18.7;133;1;HU231;10.31;10.36
52;489574;46.1;18.8;91;1;HU331;10.96;10.44
53;593523;46.1;18.9;88;1;HU331;11.13;10.65
54;582319;46.1;19;101;1;HU331;11.14;10.44
55;414003;46.1;19.1;112;1;HU331;10.91;10.43
56;480377;46.1;19.2;115;1;HU331;10.94;10.4
57;470129;46.1;19.3;116;1;HU331;11;10.44
58;475291;46.1;19.4;127;1;HU331;10.87;10.48
59;685597;46.2;17.1;125;1;HU232;10.79;9.71
60;886500;46.2;17.2;142;3;HU232;10.33;9.91
61;912086;46.2;17.3;137;3;HU232;10.61;9.68
62;626547;46.2;17.4;133;3;HU232;10.56;9.98
63;760681;46.2;17.5;155;3;HU232;10.57;10.08
64;646865;46.2;17.6;176;3;HU232;10.64;9.64
65;736474;46.2;17.7;193;3;HU232;9.92;9.61
66;939288;46.2;17.8;190;3;HU231;10.54;10.36
67;651856;46.2;17.9;194;3;HU231;10.39;11.59
68;846441;46.2;18;234;3;HU231;10.66;9.55
69;617378;46.2;18.1;188;3;HU231;10.81;11.17
70;857027;46.2;18.2;228;3;HU231;10.16;11.34
71;652223;46.2;18.3;323;3;HU231;10.29;10.09
72;668110;46.2;18.4;369;3;HU231;10.51;8.2
73;862489;46.2;18.5;233;3;HU231;10.27;10.77
74;899390;46.2;18.6;212;3;HU233;9.79;9.31
75;728045;46.2;18.7;123;1;HU233;11.25;10.07
76;662736;46.2;18.8;86;1;HU233;10.89;10.59
77;828218;46.2;18.9;90;3;HU331;11.23;10.35
78;900113;46.2;19;112;1;HU331;10.91;10.61
79;787624;46.2;19.1;140;1;HU331;10.86;10.19
80;777674;46.2;19.2;125;1;HU331;10.89;10.45
81;732898;46.2;19.3;125;1;HU331;10.89;10.47
82;859229;46.2;19.4;130;1;HU331;10.81;10.42
83;517280;46.2;19.5;130;1;HU331;10.84;10.32
84;808377;46.2;19.6;127;3;HU331;10.83;10.33
85;946683;46.2;19.7;119;3;HU333;10.86;10.37
86;803724;46.2;19.8;108;3;HU333;10.76;10.17
87;708887;46.2;19.9;91;1;HU333;11.02;10.23
88;885620;46.2;20;81;1;HU333;10.98;10.18
89;704800;46.2;20.1;75;1;HU333;11.14;10.33
90;814556;46.2;20.2;76;1;HU333;11.15;10.26
91;849493;46.2;20.3;77;1;HU333;11.15;10.29
92;719963;46.2;20.4;78;1;HU333;11.17;10.35
93;932047;46.2;20.5;80;1;HU333;11.16;10.33
94;775059;46.2;20.6;84;1;HU333;11.15;10.35
95;886287;46.2;20.7;86;1;HU333;11.15;10.36
96;1167470;46.3;16.9;177;3;HU232;10.43;9.99
97;1072921;46.3;17;171;1;HU232;10.27;9.09
98;1102744;46.3;17.1;162;1;HU232;10.08;10.12
99;1162754;46.3;17.2;161;3;HU232;10.13;10.02
100;1303961;46.3;17.3;156;3;HU232;10.43;9.89
101;1349154;46.3;17.4;140;1;HU232;10.68;9.94
102;1203470;46.3;17.5;154;3;HU232;10.52;10.41
103;1283896;46.3;17.6;179;1;HU232;10.31;10.16
104;1288990;46.3;17.7;187;3;HU232;10.23;10.05
105;1123470;46.3;17.8;200;3;HU232;10.56;9.82
106;1264287;46.3;17.9;195;3;HU232;10.34;9.84
107;1214535;46.3;18;187;3;HU231;10.47;9.57
108;1259425;46.3;18.1;161;1;HU231;10.92;9.65
109;1219851;46.3;18.2;179;3;HU231;11.15;9.96
110;1234199;46.3;18.3;206;1;HU231;10.33;11.28
111;1134721;46.3;18.4;192;1;HU233;10.71;11.05
112;1239399;46.3;18.5;150;1;HU233;11.16;10.09
113;1084603;46.3;18.6;169;3;HU233;10.38;10.53
114;1169254;46.3;18.7;126;1;HU233;11.37;9.44
115;1135199;46.3;18.8;87;1;HU233;10.68;10.86
116;1114534;46.3;18.9;91;3;HU233;11;10.27
117;1169826;46.3;19;97;1;HU331;10.83;10.99
118;1140284;46.3;19.1;141;3;HU331;10.84;10.16
119;1200453;46.3;19.2;143;3;HU331;10.98;9.95
120;1174818;46.3;19.3;137;1;HU331;10.76;10.47
121;1196052;46.3;19.4;138;1;HU331;10.72;10.42
122;1261352;46.3;19.5;129;1;HU331;10.79;10.48
123;1291513;46.3;19.6;128;3;HU331;10.65;10.4
124;1056446;46.3;19.7;119;3;HU333;10.81;10.34
125;1296244;46.3;19.8;105;1;HU333;10.92;10.25
126;982190;46.3;19.9;92;1;HU333;10.94;10.23
127;1095730;46.3;20;84;1;HU333;11.06;10.09
128;1136443;46.3;20.1;77;1;HU333;11.1;10.23
129;1206849;46.3;20.2;76;1;HU333;11.14;10.2
130;1368127;46.3;20.3;76;1;HU333;11.16;10.23
131;967645;46.3;20.4;76;1;HU333;11.16;10.32
132;1186994;46.3;20.5;80;1;HU333;11.12;10.35
133;1343063;46.3;20.6;85;1;HU333;11.07;10.31
134;1047370;46.3;20.7;88;1;HU333;11.08;10.35
135;1242240;46.3;20.8;93;1;HU332;10.93;10.35
136;1227603;46.3;20.9;98;1;HU332;10.93;10.39
137;1268058;46.3;21;97;1;HU332;10.97;10.46
138;1333585;46.3;21.1;97;1;HU332;11.02;10.43
139;1715828;46.4;16.8;148;1;HU223;10.66;10.04
140;1468901;46.4;16.9;156;1;HU223;10.5;10.38
141;1716224;46.4;17;171;3;HU223;10.01;10.19
142;1670448;46.4;17.1;185;1;HU232;10.27;9.29
143;1793559;46.4;17.2;158;3;HU232;10.41;9.72
144;1675358;46.4;17.3;159;3;HU232;10.48;9.63
145;1484417;46.4;17.4;154;1;HU232;10.49;9.98
146;1524404;46.4;17.5;156;3;HU232;10.44;10.02
147;1449657;46.4;17.6;166;1;HU232;10.51;9.75
148;1619902;46.4;17.7;158;1;HU232;10.75;9.69
149;1614980;46.4;17.8;153;1;HU232;10.73;9.79
150;1585321;46.4;17.9;143;1;HU232;10.59;9.76
151;1799346;46.4;18;137;1;HU232;10.9;9.7
152;1691626;46.4;18.1;132;1;HU233;10.84;9.46
153;1779219;46.4;18.2;140;1;HU233;10.91;10.48
154;1620482;46.4;18.3;192;3;HU231;9.91;9.57
155;1676930;46.4;18.4;201;1;HU233;10.95;9.21
156;1590878;46.4;18.5;158;1;HU233;10.51;10.19
157;1570472;46.4;18.6;125;1;HU233;10.34;10.82
158;1455780;46.4;18.7;105;1;HU233;11;9.83
159;1520794;46.4;18.8;89;1;HU233;10.94;9.96
160;1666961;46.4;18.9;89;1;HU331;10.87;10.12
161;1565869;46.4;19;87;1;HU331;11.05;10.41
162;1826925;46.4;19.1;91;1;HU331;10.9;10.91
163;1749119;46.4;19.2;119;3;HU331;10.95;10.65
164;1481873;46.4;19.3;135;3;HU331;10.88;10.17
165;1729339;46.4;19.4;135;3;HU331;10.85;10.15
166;1611707;46.4;19.5;127;1;HU331;10.79;10.44
167;1734573;46.4;19.6;127;3;HU331;10.74;10.28
168;1632430;46.4;19.7;114;3;HU331;10.87;10.32
169;1688800;46.4;19.8;102;1;HU331;10.96;10.23
170;1750030;46.4;19.9;91;1;HU333;10.9;10.19
171;1827748;46.4;20;85;1;HU333;10.97;10.09
172;1694115;46.4;20.1;80;1;HU333;11.05;10.13
173;1648326;46.4;20.2;77;1;HU333;11.05;10.19
174;1597621;46.4;20.3;76;1;HU333;11.06;10.2
175;1617966;46.4;20.4;78;1;HU333;11.07;10.24
176;1532933;46.4;20.5;81;1;HU333;11.03;10.27
177;1751062;46.4;20.6;84;1;HU332;11.05;10.33
178;1393251;46.4;20.7;88;1;HU332;11.05;10.38
179;1807336;46.4;20.8;91;1;HU332;11;10.42
180;1493513;46.4;20.9;94;1;HU332;10.98;10.4
181;1513528;46.4;21;94;1;HU332;11.02;10.4
182;1578507;46.4;21.1;95;1;HU332;10.98;10.44
183;1680143;46.4;21.2;96;1;HU332;10.97;10.46
184;2086088;46.5;16.6;183;3;HU223;10.15;10.92
185;1859504;46.5;16.7;211;3;HU223;9.56;9.5
186;2101251;46.5;16.8;224;3;HU223;9.25;9.47
187;2035964;46.5;16.9;206;3;HU223;9.8;8.94
188;2031080;46.5;17;180;3;HU223;9.42;10.82
189;2061087;46.5;17.1;168;1;HU223;9.86;9.64
190;2046270;46.5;17.2;125;3;HU223;10.57;9.97
191;2006212;46.5;17.3;140;1;HU232;10.34;10.29
192;1890170;46.5;17.4;156;1;HU232;10.53;9.31
193;2253168;46.5;17.5;137;3;HU232;10.65;9.64
194;1860500;46.5;17.6;151;1;HU232;10.64;9.55
195;1971337;46.5;17.7;166;1;HU232;10.47;9.34
196;1986496;46.5;17.8;171;1;HU232;10.28;9.31
197;2198154;46.5;17.9;172;1;HU232;10.18;9.49
198;2137406;46.5;18;163;1;HU232;10.11;9.82
199;2082409;46.5;18.1;163;1;HU233;10.44;10.02
200;2037287;46.5;18.2;169;1;HU233;10.38;10.07
201;2122753;46.5;18.3;154;1;HU233;10.18;10.56
202;1962028;46.5;18.4;164;1;HU233;9.63;10.16
203;2047555;46.5;18.5;162;1;HU233;10.33;9.21
204;1831154;46.5;18.6;127;1;HU233;10.38;9.15
205;2113210;46.5;18.7;116;1;HU233;10.54;10.07
206;2047834;46.5;18.8;98;1;HU233;10.9;9.97
207;1977558;46.5;18.9;89;1;HU233;10.95;9.93
208;2093785;46.5;19;87;1;HU331;10.94;10.25
209;1927576;46.5;19.1;89;1;HU331;10.98;10.35
210;1841561;46.5;19.2;97;3;HU331;10.94;10.64
211;2089027;46.5;19.3;112;3;HU331;10.87;10.58
212;2169555;46.5;19.4;125;3;HU331;10.8;10.08
213;1872657;46.5;19.5;121;3;HU331;10.87;10.24
214;1832381;46.5;19.6;117;3;HU331;10.79;10.27
215;1877861;46.5;19.7;107;1;HU331;10.8;10.22
216;2073837;46.5;19.8;99;1;HU331;10.92;10.18
217;2286358;46.5;19.9;92;1;HU333;10.99;10.12
218;2134699;46.5;20;85;2;HU333;10.92;10.01
219;2220455;46.5;20.1;79;1;HU333;11.08;10.16
220;2059367;46.5;20.2;78;1;HU333;11.13;10.09
221;2190402;46.5;20.3;78;1;HU333;11.09;10.15
222;2024760;46.5;20.4;78;1;HU333;11.1;10.25
223;1893595;46.5;20.5;80;1;HU333;11.11;10.23
224;2069655;46.5;20.6;83;1;HU333;11.05;10.31
225;2241706;46.5;20.7;87;1;HU332;11.01;10.32
226;2226359;46.5;20.8;89;1;HU332;11;10.33
227;1929438;46.5;20.9;91;1;HU332;10.99;10.35
228;1934612;46.5;21;92;1;HU332;10.95;10.38
229;2176223;46.5;21.1;92;1;HU332;10.94;10.35
230;2085913;46.5;21.2;92;1;HU332;10.96;10.39
231;2754773;46.6;16.5;205;3;HU223;10.36;9.33
232;2739415;46.6;16.6;191;3;HU223;10.84;10.16
233;2622838;46.6;16.7;205;3;HU223;9.9;10
234;2482677;46.6;16.8;229;3;HU223;9.34;9.92
235;2467922;46.6;16.9;215;3;HU223;10.07;8.89
236;2592757;46.6;17;184;1;HU223;9.41;10.61
237;2507947;46.6;17.1;168;3;HU223;10.7;9.14
238;2448088;46.6;17.2;110;1;HU223;10.75;9.75
239;2448222;46.6;17.3;145;1;HU232;10.13;10.54
240;2528219;46.6;17.4;156;1;HU232;10.79;8.96
241;2478512;46.6;17.5;120;1;HU232;10.83;9.73
242;2438527;46.6;17.6;143;1;HU232;10.85;9.22
243;2398694;46.6;17.7;194;1;HU232;10.16;9.48
244;2735691;46.6;17.8;204;1;HU232;10.4;9.47
245;2463813;46.6;17.9;203;1;HU232;10.99;9.41
246;2548739;46.6;18;194;1;HU232;10.92;9.47
247;2523876;46.6;18.1;178;1;HU233;10.59;9.05
248;2543992;46.6;18.2;154;1;HU233;10.57;9.92
249;2594054;46.6;18.3;169;3;HU233;11.29;8.97
250;2444382;46.6;18.4;141;1;HU233;10.86;10.12
251;2534411;46.6;18.5;170;1;HU233;10.68;9.77
252;2499603;46.6;18.6;115;1;HU233;11.01;9.78
253;2384715;46.6;18.7;138;1;HU233;10.11;9.97
254;2454683;46.6;18.8;120;1;HU233;10.85;9.71
255;2645079;46.6;18.9;94;1;HU331;10.71;10.22
256;2524978;46.6;19;90;1;HU331;10.92;9.89
257;2435037;46.6;19.1;90;1;HU331;11.03;9.91
258;2757608;46.6;19.2;92;2;HU331;10.99;10.31
259;2375465;46.6;19.3;101;1;HU331;10.88;10.28
260;2410371;46.6;19.4;110;3;HU331;10.92;10.28
261;2590222;46.6;19.5;111;2;HU331;10.86;10.38
262;2395815;46.6;19.6;113;3;HU331;10.78;10.12
263;2615892;46.6;19.7;106;3;HU331;10.9;10.16
264;2460758;46.6;19.8;97;1;HU331;10.84;10.09
265;2361141;46.6;19.9;89;1;HU331;10.87;9.95
266;2445962;46.6;20;83;1;HU333;11.07;10.09
267;2546050;46.6;20.1;79;1;HU333;11.09;10
268;2311354;46.6;20.2;77;1;HU333;11.11;10.13
269;2601199;46.6;20.3;78;1;HU333;11.05;10.19
270;2773799;46.6;20.4;79;1;HU333;11.06;10.21
271;2366724;46.6;20.5;80;1;HU333;11.05;10.25
272;2466523;46.6;20.6;83;1;HU332;11.01;10.25
273;2601513;46.6;20.7;86;1;HU332;11;10.25
274;2759203;46.6;20.8;88;1;HU332;10.99;10.3
275;2427007;46.6;20.9;89;1;HU332;10.96;10.28
276;2317249;46.6;21;89;1;HU332;10.94;10.29
277;2457157;46.6;21.1;86;2;HU332;11.02;10.3
278;2467139;46.6;21.2;85;1;HU332;10.99;10.34
279;2652488;46.6;21.3;86;1;HU332;11.02;10.27
280;3219418;46.7;16.4;195;1;HU223;10.07;10.25
281;2964928;46.7;16.5;181;1;HU223;10.09;10.64
282;3264988;46.7;16.6;206;3;HU223;9.91;10.19
283;3249700;46.7;16.7;207;3;HU223;10.33;10.36
284;3224813;46.7;16.8;206;1;HU223;9.58;10.38
285;3080108;46.7;16.9;180;1;HU223;10.58;9.78
286;2805776;46.7;17;172;1;HU223;10;10.29
287;3100290;46.7;17.1;148;1;HU223;10.95;9
288;2900811;46.7;17.2;111;2;HU223;11.01;9.14
289;2791115;46.7;17.3;134;1;HU232;10.53;9.81
290;2791244;46.7;17.4;117;1;HU232;10.98;8.61
291;3010740;46.7;17.5;103;2;HU232;10.93;8.85
292;3215624;46.7;17.6;118;1;HU232;10.7;9.89
293;2836493;46.7;17.7;197;3;HU232;9.86;9.21
294;2786649;46.7;17.8;201;3;HU232;10.1;8.6
295;3056149;46.7;17.9;194;1;HU232;9.94;9.7
296;3011235;46.7;18;200;1;HU232;9.8;9.53
297;3026226;46.7;18.1;191;1;HU232;10.16;9.33
298;3096403;46.7;18.2;166;1;HU233;10.49;9.7
299;3106477;46.7;18.3;148;1;HU233;10.33;9.87
300;3156298;46.7;18.4;137;1;HU233;10.05;10.4
301;3076715;46.7;18.5;165;3;HU233;10.44;9.13
302;3111716;46.7;18.6;115;1;HU233;11.44;9.03
303;2957209;46.7;18.7;136;3;HU233;10.28;10.23
304;2937342;46.7;18.8;150;1;HU233;10.42;9.82
305;2887476;46.7;18.9;116;1;HU233;10.59;9.78
306;2932473;46.7;19;93;1;HU331;10.81;10.08
307;3012351;46.7;19.1;92;1;HU331;10.97;9.83
308;2952699;46.7;19.2;91;2;HU331;10.96;10.16
309;3287486;46.7;19.3;97;2;HU331;10.95;10.26
310;3002675;46.7;19.4;106;3;HU331;10.92;10.22
311;3132420;46.7;19.5;111;3;HU331;10.91;10.02
312;2948094;46.7;19.6;110;3;HU331;10.82;10.18
313;2913272;46.7;19.7;110;3;HU331;10.84;10.1
314;3102966;46.7;19.8;100;1;HU331;10.89;10.02
315;2923438;46.7;19.9;89;1;HU331;11;9.99
316;3172878;46.7;20;83;1;HU333;10.96;10.05
317;2948554;46.7;20.1;81;1;HU333;10.99;10.04
318;2958711;46.7;20.2;78;1;HU333;11.1;10.03
319;3218336;46.7;20.3;79;1;HU333;11.08;10.15
320;3278605;46.7;20.4;79;1;HU333;11.08;10.13
321;2993823;46.7;20.5;79;1;HU333;11.07;10.12
322;3143480;46.7;20.6;80;1;HU332;11.09;10.14
323;3033823;46.7;20.7;83;1;HU332;11.07;10.16
324;3259016;46.7;20.8;85;1;HU332;11.04;10.17
325;3123898;46.7;20.9;86;1;HU332;10.96;10.17
326;3289205;46.7;21;85;1;HU332;10.96;10.17
327;2979477;46.7;21.1;82;1;HU332;11.02;10.2
328;2979598;46.7;21.2;83;1;HU332;10.97;10.2
329;3224081;46.7;21.3;85;1;HU332;10.95;10.15
330;2919915;46.7;21.4;86;1;HU332;10.81;10
331;3034622;46.7;21.5;87;1;HU332;10.94;10.09
332;3375103;46.8;16.4;242;3;HU222;9.85;10.38
333;3515948;46.8;16.5;227;3;HU223;9.85;10.35
334;3741282;46.8;16.6;230;3;HU223;9.58;10.06
335;3586060;46.8;16.7;231;3;HU223;9.57;9.64
336;3771432;46.8;16.8;218;3;HU223;9.62;9.24
337;3475954;46.8;16.9;198;3;HU223;9.75;9.09
338;3500832;46.8;17;203;3;HU223;10.05;9.81
339;3295515;46.8;17.1;181;1;HU223;11.06;8.96
340;3481264;46.8;17.2;174;3;HU223;10.52;10.05
341;3481357;46.8;17.3;267;3;HU223;9.21;9.6
342;3742069;46.8;17.4;156;2;HU213;10.98;8.8
343;3727151;46.8;17.5;162;3;HU213;9.87;8.72
344;3781996;46.8;17.6;143;3;HU213;10.96;9.32
345;3366481;46.8;17.7;124;1;HU232;10.68;9.88
346;3537252;46.8;17.8;153;1;HU232;10.8;9.49
347;3371593;46.8;17.9;211;3;HU232;10.91;9.35
348;3462033;46.8;18;198;3;HU232;10.39;9.24
349;3647711;46.8;18.1;174;1;HU232;10.81;9.44
350;3707922;46.8;18.2;160;1;HU232;10.66;9.03
351;3777745;46.8;18.3;142;1;HU211;11.1;9.41
352;3397144;46.8;18.4;142;1;HU211;10.38;9.36
353;3437160;46.8;18.5;135;1;HU211;10.56;9.43
354;3357348;46.8;18.6;103;1;HU211;11.27;9.39
355;3608366;46.8;18.7;120;1;HU211;10.58;10.63
356;3563248;46.8;18.8;157;1;HU211;10.59;9.42
357;3683625;46.8;18.9;120;1;HU233;10.94;9.15
358;3312227;46.8;19;97;1;HU331;11.03;9.64
359;3568483;46.8;19.1;93;1;HU331;10.98;9.59
360;3688963;46.8;19.2;92;2;HU331;11.04;9.69
361;3528762;46.8;19.3;96;2;HU331;10.91;9.97
362;3358144;46.8;19.4;102;2;HU331;10.99;10.07
363;3558969;46.8;19.5;106;2;HU331;10.97;10.12
364;3679377;46.8;19.6;114;3;HU331;10.8;10.13
365;3609354;46.8;19.7;112;1;HU331;10.89;9.87
366;3529245;46.8;19.8;100;1;HU331;10.88;9.92
367;3589143;46.8;19.9;94;1;HU331;10.92;10.08
368;3554402;46.8;20;86;1;HU331;10.99;9.96
369;3694825;46.8;20.1;81;1;HU322;11.12;10.02
370;3689949;46.8;20.2;80;1;HU322;11.03;9.97
371;3384035;46.8;20.3;81;1;HU322;11.06;10.04
372;3428949;46.8;20.4;80;1;HU322;11.08;10.01
373;3549825;46.8;20.5;79;1;HU332;11.06;10.05
374;3399180;46.8;20.6;79;1;HU332;11.07;10.07
375;3589897;46.8;20.7;81;1;HU332;11.03;10.08
376;3530280;46.8;20.8;83;1;HU332;11.03;10.12
377;3474756;46.8;20.9;84;1;HU332;10.99;10.08
378;3545314;46.8;21;83;1;HU332;11.02;10.06
379;3615788;46.8;21.1;82;1;HU332;10.97;10.07
380;3434733;46.8;21.2;82;1;HU332;10.96;10.08
381;3565593;46.8;21.3;83;1;HU332;10.95;10.07
382;3685949;46.8;21.4;85;1;HU332;10.91;10.02
383;3360089;46.8;21.5;86;1;HU332;10.94;10.03
384;3911074;46.9;16.2;308;3;HU222;9.35;10.25
385;4216139;46.9;16.3;279;3;HU222;9.71;9.81
386;4206203;46.9;16.4;265;3;HU222;10.12;9.89
387;4041660;46.9;16.5;245;3;HU222;9.95;9.74
388;4141529;46.9;16.6;238;3;HU222;9.72;10.08
389;4126653;46.9;16.7;217;1;HU223;9.84;10.18
390;4051902;46.9;16.8;203;1;HU223;10.08;10.13
391;3901692;46.9;16.9;170;1;HU223;10.08;10.54
392;4101990;46.9;17;191;3;HU223;9.73;9.41
393;4271743;46.9;17.1;157;1;HU223;10.83;9.46
394;4071830;46.9;17.2;203;3;HU223;8.87;9.28
395;4037373;46.9;17.3;224;3;HU213;9.45;7.82
396;4167271;46.9;17.4;171;3;HU213;11.05;8.77
397;4177344;46.9;17.5;185;3;HU213;10.23;9.86
398;4132111;46.9;17.6;233;3;HU213;9.71;8.26
399;4202519;46.9;17.7;233;3;HU213;9.87;8.35
400;4316927;46.9;17.8;190;3;HU213;10.48;9.97
401;4102890;46.9;17.9;136;3;HU213;10.25;10.33
402;3932817;46.9;18;133;1;HU232;10.87;8.97
403;4207954;46.9;18.1;118;1;HU232;11.03;8.78
404;3898071;46.9;18.2;126;1;HU211;10.33;9.29
405;4098321;46.9;18.3;142;1;HU211;10.36;9.41
406;3913226;46.9;18.4;129;1;HU211;10.6;9.48
407;4283157;46.9;18.5;126;1;HU211;10.89;8.87
408;3928403;46.9;18.6;104;1;HU211;10.91;9.45
409;4038825;46.9;18.7;149;1;HU211;10.56;9.47
410;4228577;46.9;18.8;124;1;HU211;10.66;9.73
411;4128385;46.9;18.9;119;1;HU211;10.51;9.71
412;4283649;46.9;19;95;1;HU331;10.88;9.49
413;4048790;46.9;19.1;94;1;HU331;10.94;9.55
414;4013894;46.9;19.2;93;1;HU331;11.02;9.93
415;4168712;46.9;19.3;97;2;HU331;11.05;9.97
416;4049056;46.9;19.4;105;2;HU331;10.81;9.9
417;4094517;46.9;19.5;113;1;HU331;10.9;10.06
418;3933968;46.9;19.6;121;1;HU331;10.72;9.97
419;4029867;46.9;19.7;113;1;HU331;10.88;9.96
420;3994528;46.9;19.8;107;1;HU331;10.8;10.03
421;4054486;46.9;19.9;103;1;HU331;10.84;9.92
422;4269685;46.9;20;91;1;HU331;11;9.87
423;3864715;46.9;20.1;82;1;HU331;11.1;10.05
424;3909989;46.9;20.2;83;1;HU322;11.01;10.01
425;4104875;46.9;20.3;82;1;HU322;11.01;10.02
426;3995132;46.9;20.4;81;1;HU322;11;9.97
427;4299720;46.9;20.5;80;1;HU322;11.05;9.97
428;4055215;46.9;20.6;80;1;HU332;11.04;10.05
429;4225044;46.9;20.7;80;1;HU332;11.02;10.07
430;4070440;46.9;20.8;81;1;HU332;11.01;10.06
431;4050506;46.9;20.9;81;1;HU332;10.99;10.05
432;4020887;46.9;21;81;1;HU332;10.89;9.97
433;4040743;46.9;21.1;82;1;HU332;10.96;9.99
434;4185601;46.9;21.2;83;1;HU332;10.94;9.97
435;3915773;46.9;21.3;84;1;HU332;10.94;9.96
436;4095944;46.9;21.4;85;1;HU332;10.92;9.97
437;3830862;46.9;21.5;88;1;HU332;10.82;9.89
438;3981313;46.9;21.6;90;1;HU332;10.94;9.87
439;4478495;47;16.4;238;3;HU222;10.14;10.2
440;4746740;47;16.5;206;1;HU222;10.23;10.25
441;4826733;47;16.6;205;1;HU222;10.1;10.42
442;4381965;47;16.7;215;1;HU222;10.02;9.37
443;4437959;47;16.8;199;3;HU222;10.45;9.4
444;4646488;47;16.9;200;1;HU222;9.65;9.37
445;4555457;47;17;160;1;HU222;10.25;9.46
446;4701917;47;17.1;152;1;HU223;10.51;9.62
447;4499241;47;17.2;143;1;HU213;10.44;9.97
448;4575549;47;17.3;186;1;HU213;9.88;9.07
449;4722203;47;17.4;201;3;HU213;10.83;8.85
450;4575822;47;17.5;281;3;HU213;11.14;8.6
451;4632292;47;17.6;289;3;HU213;10.53;9.92
452;4747934;47;17.7;309;3;HU213;9.52;10.42
453;4832971;47;17.8;306;3;HU213;8.37;8.19
454;4510395;47;17.9;277;3;HU213;9.39;8.72
455;4853040;47;18;216;3;HU213;10.25;10.02
456;4863124;47;18.1;157;1;HU213;10.37;9.81
457;4758392;47;18.2;138;1;HU213;10.63;9.42
458;4541260;47;18.3;135;1;HU211;10.27;9.77
459;4818321;47;18.4;135;1;HU211;10.53;8.91
460;4833584;47;18.5;102;1;HU211;11.02;8.95
461;4500699;47;18.6;122;1;HU211;10.47;9.6
462;4592585;47;18.7;129;1;HU211;10.76;9.52
463;4541476;47;18.8;140;1;HU211;10.41;9.74
464;4419572;47;18.9;146;1;HU211;10.87;9.07
465;4773994;47;19;95;1;HU331;10.92;9.63
466;4506677;47;19.1;94;1;HU331;11.12;9.49
467;4491230;47;19.2;94;1;HU331;11.06;9.73
468;4572436;47;19.3;97;2;HU331;11.15;9.8
469;4598334;47;19.4;112;3;HU331;10.93;9.82
470;4699329;47;19.5;124;1;HU331;10.77;9.95
471;4532303;47;19.6;130;1;HU331;10.65;10.04
472;4588616;47;19.7;125;3;HU102;10.66;9.93
473;4461083;47;19.8;112;1;HU102;10.67;9.91
474;4869786;47;19.9;101;1;HU102;10.78;9.89
475;4699843;47;20;91;1;HU102;10.98;9.85
476;4765119;47;20.1;84;1;HU331;11.06;9.85
477;4629239;47;20.2;81;1;HU322;10.93;9.99
478;4609339;47;20.3;83;1;HU322;11.05;9.94
479;4745480;47;20.4;82;1;HU322;11.03;9.94
480;4700293;47;20.5;81;1;HU322;11.05;9.97
481;4755619;47;20.6;81;1;HU322;10.95;9.94
482;4705540;47;20.7;80;1;HU322;11.04;9.98
483;4635210;47;20.8;80;1;HU332;10.97;9.96
484;4543540;47;20.9;81;1;HU332;10.96;9.94
485;4635374;47;21;81;1;HU332;10.92;9.99
486;4431930;47;21.1;83;1;HU332;10.89;9.97
487;4574371;47;21.2;84;1;HU332;10.91;9.93
488;4889561;47;21.3;85;1;HU321;10.89;9.92
489;4432228;47;21.4;87;1;HU321;10.87;9.92
490;4881354;47;21.5;88;1;HU321;10.88;9.87
491;4756651;47;21.6;91;1;HU332;10.92;9.84
492;5041231;47.1;16.5;230;3;HU222;9.78;10.08
493;5236332;47.1;16.6;211;1;HU222;10.02;9.66
494;4986435;47.1;16.7;188;1;HU222;10.03;10.01
495;5322373;47.1;16.8;179;1;HU222;10.23;9.94
496;5066520;47.1;16.9;203;3;HU222;9.86;9.39
497;5267185;47.1;17;182;3;HU222;10.14;9.13
498;5081755;47.1;17.1;153;1;HU222;10.34;9.11
499;5051655;47.1;17.2;141;1;HU213;10.81;9.16
500;5327781;47.1;17.3;149;1;HU213;10.75;9.41
501;4902292;47.1;17.4;174;3;HU213;11.19;9.25
502;4977301;47.1;17.5;212;3;HU213;10.85;10.26
503;5092214;47.1;17.6;351;3;HU213;10.09;9.99
504;5146991;47.1;17.7;402;3;HU213;10.35;7.72
505;4892706;47.1;17.8;344;3;HU213;9.57;9.01
506;5287993;47.1;17.9;267;1;HU213;10.27;9.02
507;5293056;47.1;18;212;3;HU213;10.76;7.46
508;5333655;47.1;18.1;155;1;HU213;10.58;8.82
509;5007923;47.1;18.2;165;1;HU213;10.73;8.69
510;5142574;47.1;18.3;167;1;HU211;10.71;8.33
511;5097996;47.1;18.4;115;1;HU211;11.06;8.73
512;5208265;47.1;18.5;116;1;HU211;10.78;9.2
513;5324168;47.1;18.6;121;1;HU211;10.99;9
514;5258611;47.1;18.7;119;1;HU211;10.85;9.42
515;5138046;47.1;18.8;118;1;HU211;10.84;9.68
516;5309474;47.1;18.9;103;1;HU102;10.98;9.3
517;5289093;47.1;19;95;1;HU102;10.98;9.19
518;5068768;47.1;19.1;94;2;HU102;11.1;9.22
519;5138500;47.1;19.2;94;2;HU331;11.13;9.58
520;4984084;47.1;19.3;97;2;HU331;11.08;9.74
521;5133716;47.1;19.4;118;3;HU102;10.89;9.94
522;5244436;47.1;19.5;133;3;HU102;10.69;9.99
523;5118943;47.1;19.6;139;3;HU102;10.56;9.92
524;5330025;47.1;19.7;128;3;HU102;10.64;9.78
525;5415942;47.1;19.8;108;1;HU102;10.91;9.79
526;4939543;47.1;19.9;97;3;HU102;10.97;9.77
527;5164336;47.1;20;87;1;HU102;11.02;9.76
528;5159324;47.1;20.1;83;1;HU322;11.01;9.87
529;5139466;47.1;20.2;83;1;HU322;10.99;9.9
530;5239747;47.1;20.3;83;1;HU322;10.97;9.93
531;5386301;47.1;20.4;83;1;HU322;11.03;9.8
532;5215055;47.1;20.5;82;1;HU322;11;9.85
533;5099922;47.1;20.6;81;1;HU322;10.99;9.94
534;5100030;47.1;20.7;82;1;HU322;10.97;9.91
535;5175310;47.1;20.8;82;1;HU322;10.92;9.85
536;4965703;47.1;20.9;82;1;HU332;10.93;9.92
537;5376832;47.1;21;83;1;HU332;10.93;9.9
538;5130370;47.1;21.1;83;1;HU332;10.89;9.92
539;4955846;47.1;21.2;85;1;HU332;10.86;9.88
540;4930937;47.1;21.3;87;1;HU321;10.86;9.81
541;5125665;47.1;21.4;88;1;HU321;10.85;9.82
542;4936133;47.1;21.5;89;1;HU321;10.8;9.8
543;5165937;47.1;21.6;91;1;HU321;10.81;9.79
544;4916378;47.1;21.7;96;1;HU321;10.85;9.78
545;5823796;47.2;16.5;268;1;HU222;9.81;9.05
546;5748456;47.2;16.6;220;1;HU222;10.34;9.24
547;5858885;47.2;16.7;192;1;HU222;10.1;9.69
548;5784096;47.2;16.8;178;1;HU222;10.35;9.59
549;5889130;47.2;16.9;166;1;HU222;10.12;10.09
550;5753819;47.2;17;181;3;HU222;10.26;8.93
551;5623184;47.2;17.1;140;1;HU222;10.45;9.33
552;5824403;47.2;17.2;131;1;HU222;10.67;9.24
553;5523151;47.2;17.3;144;1;HU213;10.6;9.21
554;5929531;47.2;17.4;165;1;HU213;10.8;9.29
555;5779787;47.2;17.5;233;3;HU213;10.83;9.55
556;5684062;47.2;17.6;322;3;HU213;10.36;10.1
557;5644210;47.2;17.7;406;3;HU213;9.56;9.79
558;5658883;47.2;17.8;445;3;HU213;9.49;8.47
559;5608979;47.2;17.9;391;3;HU213;8.79;7.76
560;5679429;47.2;18;327;3;HU213;9.43;10.03
561;5835346;47.2;18.1;263;2;HU213;9.37;10.42
562;5593945;47.2;18.2;168;2;HU213;9.24;11.48
563;5499524;47.2;18.3;125;2;HU211;10.41;9.54
564;5840590;47.2;18.4;124;1;HU211;10.65;9.2
565;5669968;47.2;18.5;136;1;HU211;11.08;8.84
566;5885742;47.2;18.6;125;1;HU211;10.63;9.82
567;5604846;47.2;18.7;136;1;HU211;10.46;8.95
568;5475116;47.2;18.8;118;1;HU211;10.73;8.83
569;5850716;47.2;18.9;98;1;HU102;10.71;9.35
570;5665198;47.2;19;97;1;HU102;10.89;9.34
571;5720609;47.2;19.1;94;1;HU102;10.97;9.46
572;5816438;47.2;19.2;94;1;HU102;11.09;9.45
573;5670762;47.2;19.3;101;1;HU102;11.1;9.61
574;5951987;47.2;19.4;117;3;HU102;11.07;9.78
575;5605631;47.2;19.5;133;3;HU102;10.8;9.81
576;5937084;47.2;19.6;132;3;HU102;10.66;9.84
577;5435723;47.2;19.7;122;1;HU102;10.63;9.65
578;5520695;47.2;19.8;97;1;HU102;10.88;9.78
579;5585622;47.2;19.9;92;1;HU102;10.9;9.76
580;5510852;47.2;20;88;1;HU102;10.88;9.72
581;5441134;47.2;20.1;85;1;HU322;10.91;9.79
582;5772085;47.2;20.2;82;1;HU322;10.94;9.83
583;5812580;47.2;20.3;83;1;HU322;10.94;9.84
584;5481371;47.2;20.4;81;1;HU322;10.96;9.85
585;5722036;47.2;20.5;82;1;HU322;10.93;9.82
586;5646689;47.2;20.6;83;1;HU322;10.91;9.84
587;5872926;47.2;20.7;83;1;HU322;10.89;9.8
588;5451822;47.2;20.8;82;1;HU322;10.92;9.82
589;5607015;47.2;20.9;82;1;HU322;10.89;9.85
590;5596688;47.2;21;83;1;HU332;10.84;9.85
591;5667229;47.2;21.1;84;1;HU321;10.86;9.79
592;5958360;47.2;21.2;84;1;HU321;10.82;9.84
593;5928450;47.2;21.3;86;1;HU321;10.79;9.8
594;5482353;47.2;21.4;88;1;HU321;10.78;9.79
595;5682574;47.2;21.5;91;1;HU321;10.75;9.73
596;5783505;47.2;21.6;92;1;HU321;10.74;9.71
597;5612367;47.2;21.7;95;1;HU321;10.72;9.8
598;5883628;47.2;21.8;98;1;HU321;10.86;9.77
599;5994006;47.3;16.5;380;3;HU222;8.18;11.53
600;6099804;47.3;16.6;241;1;HU222;9.06;10.96
601;6024569;47.3;16.7;217;1;HU222;9.67;9.88
602;6170420;47.3;16.8;189;1;HU222;10.05;9.23
603;6270853;47.3;16.9;155;1;HU222;10.21;9.72
604;6336384;47.3;17;157;1;HU222;10.3;9.63
605;6452877;47.3;17.1;159;1;HU222;10.23;8.69
606;6402515;47.3;17.2;133;1;HU222;10.54;9.44
607;6433015;47.3;17.3;129;1;HU213;10.54;9.3
608;6473611;47.3;17.4;138;1;HU213;10.9;9.23
609;6372340;47.3;17.5;167;1;HU213;10.79;9.9
610;6125777;47.3;17.6;233;1;HU213;10.37;10.31
611;6110899;47.3;17.7;336;3;HU213;10.45;11.21
612;6140646;47.3;17.8;440;3;HU213;9.81;9.21
613;6286649;47.3;17.9;395;3;HU213;9.79;8.98
614;6135795;47.3;18;307;1;HU213;9.91;9.82
615;6302552;47.3;18.1;302;3;HU211;10.73;7.72
616;6116435;47.3;18.2;226;1;HU211;11.06;6.49
617;6347811;47.3;18.3;166;1;HU211;10.41;9.56
618;6439118;47.3;18.4;175;1;HU211;10.58;8.99
619;6177139;47.3;18.5;156;1;HU211;10;9.16
620;6267224;47.3;18.6;199;1;HU211;10.55;8.46
621;6106972;47.3;18.7;141;1;HU211;10.78;9.04
622;6056256;47.3;18.8;125;1;HU211;10.86;9.27
623;6152060;47.3;18.9;124;1;HU102;11.04;8.65
624;5991033;47.3;19;99;1;HU102;10.96;9.08
625;6207316;47.3;19.1;98;1;HU102;10.98;9.14
626;6141994;47.3;19.2;103;1;HU102;11.02;9.4
627;6358916;47.3;19.3;113;3;HU102;11.14;9.3
628;6102648;47.3;19.4;125;3;HU102;10.95;9.6
629;6293446;47.3;19.5;145;1;HU102;10.4;10.05
630;6359201;47.3;19.6;168;1;HU102;10.19;9.73
631;6082486;47.3;19.7;133;1;HU102;10.81;9.3
632;6374687;47.3;19.8;100;1;HU102;10.68;9.79
633;6485664;47.3;19.9;95;1;HU102;10.75;9.73
634;6077800;47.3;20;87;1;HU102;10.85;9.71
635;5997198;47.3;20.1;84;1;HU322;10.87;9.72
636;6410113;47.3;20.2;83;1;HU322;10.87;9.75
637;6062724;47.3;20.3;82;1;HU322;10.87;9.79
638;6062839;47.3;20.4;82;1;HU322;10.84;9.83
639;6218890;47.3;20.5;84;1;HU322;10.89;9.81
640;6289327;47.3;20.6;84;1;HU322;10.85;9.81
641;6193909;47.3;20.7;83;1;HU322;10.86;9.82
642;6294746;47.3;20.8;84;1;HU322;10.82;9.81
643;6420831;47.3;20.9;84;1;HU322;10.75;9.79
644;6179246;47.3;21;83;1;HU322;10.77;9.78
645;6104003;47.3;21.1;84;1;HU321;10.79;9.82
646;6114009;47.3;21.2;85;1;HU321;10.75;9.77
647;6104149;47.3;21.3;86;1;HU321;10.76;9.73
648;6355877;47.3;21.4;88;1;HU321;10.74;9.7
649;6184734;47.3;21.5;91;1;HU321;10.71;9.68
650;6119471;47.3;21.6;93;1;HU321;10.7;9.7
651;6457061;47.3;21.7;95;1;HU321;10.71;9.69
652;6214985;47.3;21.8;101;1;HU321;10.7;9.73
653;6609972;47.4;16.6;283;3;HU222;9.8;8.56
654;6898449;47.4;16.7;207;1;HU222;10.52;9.32
655;6848587;47.4;16.8;170;1;HU222;10.28;9.45
656;6838736;47.4;16.9;153;1;HU222;10.46;9.35
657;6903715;47.4;17;142;1;HU222;10.37;9.62
658;6732219;47.4;17.1;139;1;HU222;10.36;9.62
659;6823633;47.4;17.2;138;3;HU213;10.57;8.93
660;6889082;47.4;17.3;124;1;HU213;10.66;8.98
661;6697087;47.4;17.4;124;1;HU213;10.73;9.17
662;6610889;47.4;17.5;137;1;HU213;10.85;9.06
663;6988774;47.4;17.6;163;1;HU213;11.04;9.13
664;6894386;47.4;17.7;179;1;HU213;10.56;10.78
665;6697529;47.4;17.8;228;3;HU221;10.42;10.87
666;6919107;47.4;17.9;243;3;HU212;10.59;8.96
667;6565205;47.4;18;264;3;HU212;10.34;8.32
668;6626546;47.4;18.1;227;1;HU211;10.62;9.47
669;6840021;47.4;18.2;218;1;HU211;10.05;10.46
670;6954938;47.4;18.3;328;3;HU211;10.11;7.58
671;6784459;47.4;18.4;276;3;HU211;10.06;8.81
672;6799504;47.4;18.5;178;1;HU211;9.97;10.51
673;6974709;47.4;18.6;178;1;HU211;10.57;9.45
674;6804709;47.4;18.7;175;1;HU211;11.01;8.76
675;6895503;47.4;18.8;166;1;HU102;11.09;8.73
676;6703544;47.4;18.9;165;2;HU102;9.6;8.92
677;6607044;47.4;19;120;1;HU101;10.53;9.25
678;6770149;47.4;19.1;103;1;HU101;10.84;9.47
679;6627625;47.4;19.2;113;1;HU101;11;9
680;6925530;47.4;19.3;123;1;HU102;11.01;9.48
681;6800364;47.4;19.4;155;1;HU102;9.97;10.28
682;6881276;47.4;19.5;184;1;HU102;9.96;9.41
683;6744714;47.4;19.6;140;1;HU102;10.07;9.88
684;6617638;47.4;19.7;118;3;HU102;10.43;9.52
685;6684084;47.4;19.8;103;1;HU102;10.71;9.55
686;6724606;47.4;19.9;99;3;HU322;10.65;9.56
687;6740154;47.4;20;88;1;HU322;10.73;9.67
688;6795680;47.4;20.1;85;1;HU322;10.76;9.69
689;6811460;47.4;20.2;83;1;HU322;10.77;9.71
690;6981447;47.4;20.3;83;1;HU322;10.71;9.76
691;6836746;47.4;20.4;85;1;HU322;10.64;9.74
692;6851860;47.4;20.5;85;1;HU322;10.75;9.79
693;6976731;47.4;20.6;85;1;HU322;10.73;9.73
694;6684915;47.4;20.7;85;1;HU322;10.72;9.73
695;6817303;47.4;20.8;87;1;HU322;10.66;9.75
696;6817373;47.4;20.9;86;1;HU322;10.68;9.69
697;6867300;47.4;21;84;2;HU322;10.68;9.76
698;6812348;47.4;21.1;85;2;HU321;10.69;9.72
699;6796724;47.4;21.2;86;1;HU321;10.73;9.63
700;6654674;47.4;21.3;87;1;HU321;10.73;9.61
701;6882727;47.4;21.4;90;1;HU321;10.71;9.6
702;6589054;47.4;21.5;93;1;HU321;10.69;9.58
703;6705788;47.4;21.6;98;1;HU321;10.63;9.59
704;6660473;47.4;21.7;104;3;HU321;10.56;9.61
705;6660598;47.4;21.8;109;1;HU321;10.31;9.67
706;6832842;47.4;21.9;117;1;HU321;10.44;9.85
707;6858317;47.4;22;124;1;HU321;10.43;9.55
708;7093023;47.5;16.7;213;1;HU221;9.73;9.41
709;7212954;47.5;16.8;185;1;HU221;10.02;9.57
710;7522538;47.5;16.9;157;3;HU221;10.27;9.38
711;7547517;47.5;17;135;3;HU221;10.6;9.5
712;7248206;47.5;17.1;127;1;HU221;10.52;9.46
713;7178359;47.5;17.2;123;1;HU221;10.44;9.45
714;7238383;47.5;17.3;119;1;HU221;10.44;9.24
715;7413208;47.5;17.4;118;1;HU221;10.52;9.46
716;7233644;47.5;17.5;133;1;HU221;10.87;9.03
717;7538167;47.5;17.6;148;1;HU221;10.4;10.13
718;7208866;47.5;17.7;215;3;HU221;9.19;8.92
719;7403587;47.5;17.8;184;1;HU221;10.31;8.82
720;7388714;47.5;17.9;173;1;HU212;10.48;10
721;7423433;47.5;18;185;1;HU212;10.64;9.87
722;7249199;47.5;18.1;203;1;HU212;10.93;9.24
723;7069606;47.5;18.2;213;1;HU212;10.87;8.77
724;7369212;47.5;18.3;190;1;HU212;10.05;10.94
725;7459142;47.5;18.4;297;3;HU212;9.51;9.04
726;7199293;47.5;18.5;255;3;HU211;11.46;6.87
727;7534221;47.5;18.6;193;1;HU211;10.1;9.1
728;7379551;47.5;18.7;177;1;HU211;11.3;8.9
729;7404306;47.5;18.8;180;1;HU102;10.14;10.18
730;7539485;47.5;18.9;287;3;HU102;9.23;9.71
731;7259698;47.5;19;320;3;HU101;9.92;7.93
732;7120054;47.5;19.1;113;3;HU101;10.73;9.86
733;7060515;47.5;19.2;145;3;HU101;10.83;9.48
734;7435046;47.5;19.3;198;1;HU102;10.36;10.19
735;7180243;47.5;19.4;219;3;HU102;8.94;9.29
736;7520083;47.5;19.5;180;1;HU102;9.97;9.76
737;7345147;47.5;19.6;140;1;HU102;10.37;9.59
738;7250395;47.5;19.7;114;1;HU102;10.65;9.43
739;7420263;47.5;19.8;104;1;HU322;10.58;9.58
740;7295968;47.5;19.9;95;1;HU322;10.67;9.44
741;7226159;47.5;20;89;1;HU322;10.65;9.59
742;7500378;47.5;20.1;89;1;HU322;10.67;9.62
743;7131201;47.5;20.2;88;1;HU322;10.61;9.7
744;7451005;47.5;20.3;86;1;HU312;10.62;9.76
745;7271080;47.5;20.4;85;1;HU312;10.64;9.77
746;7396025;47.5;20.5;85;1;HU312;10.62;9.7
747;7061959;47.5;20.6;86;1;HU322;10.64;9.71
748;7436488;47.5;20.7;86;1;HU322;10.65;9.69
749;7176597;47.5;20.8;87;1;HU322;10.6;9.72
750;7351469;47.5;20.9;87;2;HU322;10.59;9.62
751;7351563;47.5;21;85;2;HU321;10.62;9.67
752;7287138;47.5;21.1;85;2;HU321;10.63;9.65
753;7281994;47.5;21.2;86;2;HU321;10.64;9.61
754;7272029;47.5;21.3;88;1;HU321;10.67;9.63
755;7237165;47.5;21.4;103;1;HU321;10.5;9.36
756;7302167;47.5;21.5;107;1;HU321;10.56;9.53
757;7162447;47.5;21.6;106;1;HU321;10.44;9.69
758;7491999;47.5;21.7;117;3;HU321;10.37;9.57
759;7157672;47.5;21.8;124;3;HU321;10.48;9.52
760;7512291;47.5;21.9;127;3;HU321;10.35;9.64
761;7137847;47.5;22;131;3;HU321;10.37;9.5
762;7857158;47.6;16.7;172;1;HU221;10.49;9.64
763;7722059;47.6;16.8;129;1;HU221;10.69;9.27
764;8014002;47.6;16.9;124;1;HU221;10.8;9.26
765;7952748;47.6;17;118;1;HU221;10.71;9.25
766;7727387;47.6;17.1;118;1;HU221;10.6;9.46
767;7827259;47.6;17.2;116;1;HU221;10.53;9.43
768;7797439;47.6;17.3;115;1;HU221;10.57;9.35
769;7757582;47.6;17.4;113;1;HU221;10.57;9.43
770;7928292;47.6;17.5;115;1;HU221;10.72;9.55
771;8014730;47.6;17.6;135;1;HU221;10.56;9.97
772;7848155;47.6;17.7;145;1;HU221;10.86;9.13
773;7802993;47.6;17.8;138;1;HU221;10.71;9.02
774;7863302;47.6;17.9;133;1;HU221;10.68;9.09
775;7933272;47.6;18;138;1;HU212;10.72;9.19
776;7703013;47.6;18.1;140;1;HU212;10.54;9.72
777;7738459;47.6;18.2;157;1;HU212;10.56;8.98
778;7949117;47.6;18.3;166;1;HU212;11.64;8.27
779;7863834;47.6;18.4;271;3;HU212;9.79;11.05
780;7828599;47.6;18.5;253;3;HU212;9.68;9.62
781;7788788;47.6;18.6;226;1;HU212;9.82;9.48
782;7788896;47.6;18.7;221;1;HU212;11.33;8.2
783;7934139;47.6;18.8;261;1;HU102;10.2;9.88
784;7719223;47.6;18.9;311;3;HU102;11.08;9.03
785;7889396;47.6;19;226;3;HU102;10.36;7.67
786;7854556;47.6;19.1;107;2;HU101;11.1;8.75
787;7799345;47.6;19.2;174;1;HU102;10.44;10.16
788;8062854;47.6;19.3;236;3;HU102;10.13;9.49
789;7864336;47.6;19.4;223;3;HU102;10.2;9.8
790;7980257;47.6;19.5;179;1;HU102;9.87;8.76
791;8001221;47.6;19.6;129;1;HU102;10.57;8.92
792;7840120;47.6;19.7;111;1;HU322;10.55;9.45
793;7935142;47.6;19.8;112;1;HU322;10.42;9.33
794;7689794;47.6;19.9;99;1;HU322;10.52;9.32
795;7850408;47.6;20;93;1;HU322;10.56;9.49
796;7840595;47.6;20.1;96;1;HU312;10.54;9.58
797;7730440;47.6;20.2;99;1;HU312;10.46;9.57
798;7804963;47.6;20.3;96;1;HU312;10.48;9.66
799;8068939;47.6;20.4;91;1;HU312;10.47;9.76
800;7745303;47.6;20.5;89;1;HU312;10.47;9.69
801;7875508;47.6;20.6;87;1;HU312;10.49;9.7
802;7805422;47.6;20.7;87;1;HU312;10.47;9.71
803;7976528;47.6;20.8;87;1;HU322;10.54;9.65
804;7805604;47.6;20.9;87;1;HU321;10.45;9.59
805;7661394;47.6;21;87;2;HU321;10.52;9.59
806;7760879;47.6;21.1;86;2;HU321;10.54;9.58
807;7755972;47.6;21.2;86;2;HU321;10.58;9.55
808;7982044;47.6;21.3;87;2;HU321;10.61;9.62
809;7791124;47.6;21.4;99;1;HU321;10.55;9.7
810;7861439;47.6;21.5;127;1;HU321;10.34;9.4
811;7906939;47.6;21.6;137;3;HU321;10.33;9.5
812;7952042;47.6;21.7;133;3;HU321;10.21;9.68
813;7681665;47.6;21.8;136;3;HU321;10.18;9.65
814;7972600;47.6;21.9;143;3;HU321;10;9.52
815;7957288;47.6;22;147;3;HU321;10.12;9.59
816;8023739;47.6;22.1;145;3;HU321;10.1;9.61
817;8222950;47.7;16.5;381;3;HU221;10.51;8.59
818;8399971;47.7;16.6;222;3;HU221;11.02;8.39
819;8410465;47.7;16.7;121;2;HU221;10.84;9.38
820;8338961;47.7;17.1;115;3;HU221;10.61;9.43
821;8259758;47.7;17.2;114;1;HU221;10.62;9.41
822;8506293;47.7;17.3;112;1;HU221;10.61;9.41
823;8490993;47.7;17.4;113;1;HU221;10.5;9.28
824;8359798;47.7;17.5;112;1;HU221;10.64;9.31
825;8292076;47.7;17.6;111;1;HU221;10.5;9.55
826;8431130;47.7;17.7;118;1;HU221;10.54;9.41
827;8313258;47.7;17.8;126;1;HU221;10.67;9.11
828;8249965;47.7;17.9;124;1;HU212;10.69;9.24
829;8329297;47.7;18;125;1;HU212;10.72;9.24
830;8266129;47.7;18.1;125;1;HU212;10.74;9.11
831;8260750;47.7;18.2;123;1;HU212;11.03;9
832;8266336;47.7;18.3;142;1;HU212;10.5;10.3
833;8542054;47.7;18.4;255;3;HU212;7.65;9.24
834;8527148;47.7;18.5;312;3;HU212;8.61;6.23
835;8432007;47.7;18.6;187;1;HU212;11.74;8.31
836;8340033;47.7;18.7;178;1;HU212;9.24;7.94
837;8607698;47.7;18.8;263;3;HU212;10.15;11.52
838;8657826;47.7;18.9;424;3;HU102;6.98;7.58
839;8432393;47.7;19;350;3;HU102;7.83;6.94
840;8309083;47.7;19.1;165;3;HU102;11.19;9.56
841;8235277;47.7;19.2;146;1;HU102;10.37;10.99
842;8432731;47.7;19.3;206;1;HU102;10.2;9.42
843;8478073;47.7;19.4;195;1;HU102;10.27;9.74
844;8377117;47.7;19.5;189;1;HU102;10;9
845;8257114;47.7;19.6;136;1;HU312;10.81;8.93
846;8488333;47.7;19.7;142;1;HU312;9.99;9.23
847;8533411;47.7;19.8;143;1;HU312;10.64;9.13
848;8613798;47.7;19.9;118;1;HU312;10.73;9.05
849;8543633;47.7;20;114;1;HU312;10.34;9.43
850;8214716;47.7;20.1;104;1;HU312;10.46;9.31
851;8141001;47.7;20.2;108;1;HU312;10.33;9.61
852;8483991;47.7;20.3;111;1;HU312;10.36;9.51
853;8529022;47.7;20.4;103;1;HU312;10.35;9.57
854;8377651;47.7;20.5;98;1;HU312;10.33;9.48
855;8300119;47.7;20.6;92;1;HU312;10.33;9.53
856;8403264;47.7;20.7;89;1;HU311;10.38;9.58
857;8342167;47.7;20.8;88;2;HU311;10.43;9.58
858;8459232;47.7;20.9;88;1;HU311;10.42;9.58
859;8189138;47.7;21;89;1;HU321;10.45;9.56
860;8519727;47.7;21.1;88;2;HU321;10.42;9.57
861;8539762;47.7;21.2;88;2;HU321;10.46;9.5
862;8393855;47.7;21.3;88;1;HU321;10.56;9.44
863;8505086;47.7;21.4;94;1;HU321;10.53;9.59
864;8480185;47.7;21.5;110;1;HU321;10.34;9.98
865;8399139;47.7;21.6;140;1;HU321;10.29;9.5
866;8404255;47.7;21.7;140;3;HU321;10.35;9.15
867;8368551;47.7;21.8;144;1;HU323;10.16;9.4
868;8570454;47.7;21.9;151;3;HU321;10.02;9.36
869;8409593;47.7;22;159;3;HU323;9.91;9.42
870;8470448;47.7;22.1;155;3;HU323;9.94;9.68
871;8237776;47.7;22.2;148;3;HU323;9.93;9.45
872;9071843;47.8;17.1;119;1;HU221;10.65;9.32
873;8758940;47.8;17.2;115;1;HU221;10.63;9.33
874;8804649;47.8;17.3;116;3;HU221;10.64;9.33
875;8927229;47.8;17.4;114;1;HU221;10.6;9.39
876;8721938;47.8;17.5;114;1;HU221;10.59;9.33
877;8700117;47.8;17.6;112;1;HU221;10.5;9.24
878;8891705;47.8;18.8;226;3;HU212;11.92;9.97
879;8700506;47.8;18.9;213;3;HU102;10.45;11.89
880;8743570;47.8;19;237;3;HU102;11.39;8.18
881;8979817;47.8;19.1;176;3;HU102;11.36;8.18
882;8770097;47.8;19.2;206;3;HU102;9.48;9.68
883;8912608;47.8;19.3;241;3;HU102;9.91;10.16
884;8831614;47.8;19.4;219;3;HU102;9.84;10.07
885;8939285;47.8;19.5;202;1;HU313;9.79;9.27
886;9037408;47.8;19.6;164;1;HU313;10.74;8.34
887;9031314;47.8;19.7;200;1;HU312;10.69;8.99
888;8821449;47.8;19.8;237;1;HU312;11.21;8.92
889;8695098;47.8;19.9;218;1;HU312;9.63;10.32
890;8796914;47.8;20;288;3;HU312;9.08;9.91
891;8904091;47.8;20.1;184;1;HU312;8.45;11.03
892;8842669;47.8;20.2;150;1;HU312;8.7;10.27
893;9069108;47.8;20.3;150;1;HU312;9.54;9.26
894;8883296;47.8;20.4;146;1;HU312;10.22;9.38
895;8832718;47.8;20.5;128;1;HU312;10.1;9.62
896;8934402;47.8;20.6;110;1;HU311;10.13;9.37
897;8940553;47.8;20.7;98;1;HU311;10.21;9.42
898;8827864;47.8;20.8;92;2;HU311;10.27;9.49
899;8893789;47.8;20.9;92;1;HU311;10.25;9.51
900;9043916;47.8;21;91;1;HU311;10.34;9.52
901;8934908;47.8;21.1;90;2;HU321;10.29;9.43
902;8853390;47.8;21.2;88;1;HU321;10.38;9.45
903;8751899;47.8;21.3;88;1;HU321;10.42;9.4
904;8762377;47.8;21.4;92;1;HU321;10.5;9.51
905;8818577;47.8;21.5;106;1;HU321;10.32;9.57
906;9122743;47.8;21.6;119;1;HU323;10.25;9.57
907;8798552;47.8;21.7;121;1;HU323;10.24;9.45
908;9117582;47.8;21.8;128;1;HU323;10.24;9.44
909;9128542;47.8;21.9;137;1;HU323;10.2;9.62
910;9128640;47.8;22;151;3;HU323;9.99;9.5
911;9045003;47.8;22.1;154;3;HU323;9.95;9.53
912;9139857;47.8;22.2;145;3;HU323;9.84;9.63
913;8788882;47.8;22.3;132;3;HU323;9.88;9.25
914;8999026;47.8;22.4;114;1;HU323;10.2;9.58
915;9113182;47.8;22.6;112;1;HU323;10.18;9.63
916;9376592;47.9;17.2;122;1;HU221;10.58;9.48
917;9492786;47.9;17.3;121;1;HU221;10.61;9.37
918;9285948;47.9;17.4;118;1;HU221;10.59;9.4
919;9723252;47.9;18.8;220;3;HU102;9.61;9.03
920;9208947;47.9;18.9;437;3;HU102;6.96;7.85
921;9291208;47.9;19;344;3;HU102;8.15;10.36
922;9250684;47.9;19.1;239;3;HU313;8.86;11.75
923;9296373;47.9;19.2;236;3;HU313;10.06;10.43
924;9220133;47.9;19.3;260;3;HU313;9.73;8.15
925;9448491;47.9;19.4;263;1;HU313;9.41;9.73
926;9282451;47.9;19.5;294;3;HU313;9.38;8.18
927;9306795;47.9;19.6;238;1;HU313;10.16;10.02
928;9387758;47.9;19.7;230;1;HU313;9.23;13.31
929;9322461;47.9;19.8;504;3;HU313;9.11;9.71
930;9271678;47.9;19.9;597;3;HU312;6.51;7.69
931;9418968;47.9;20;506;3;HU312;9.05;8.08
932;9413764;47.9;20.1;358;3;HU312;11.11;6.45
933;9288114;47.9;20.2;221;3;HU312;11.27;8.52
934;9540287;47.9;20.3;213;3;HU312;10.6;9.41
935;9231334;47.9;20.4;242;3;HU312;9.93;8.83
936;9378861;47.9;20.5;217;3;HU311;9.29;8.32
937;9429466;47.9;20.6;190;1;HU311;9.11;9.33
938;9504814;47.9;20.7;138;1;HU311;9.78;9.15
939;9328688;47.9;20.8;111;1;HU311;9.99;9.28
940;9368875;47.9;20.9;96;1;HU311;10.13;9.57
941;9439296;47.9;21;93;1;HU311;10.11;9.48
942;9556767;47.9;21.1;91;1;HU321;10.23;9.45
943;9308356;47.9;21.2;90;2;HU321;10.27;9.39
944;9273056;47.9;21.3;89;1;HU321;10.33;9.39
945;9420341;47.9;21.4;93;1;HU321;10.29;9.42
946;9253497;47.9;21.5;102;1;HU321;10.23;9.63
947;9501391;47.9;21.6;113;1;HU323;10.19;9.4
948;9334884;47.9;21.7;114;1;HU323;10.26;9.44
949;9191569;47.9;21.8;118;1;HU323;10.03;9.28
950;9264353;47.9;21.9;127;3;HU323;10.05;9.34
951;9486433;47.9;22;136;3;HU323;10.13;9.53
952;9456451;47.9;22.1;145;1;HU323;9.75;9.5
953;9370856;47.9;22.2;146;1;HU323;9.77;9.4
954;9309714;47.9;22.3;130;3;HU323;10.03;9.31
955;9160738;47.9;22.4;111;1;HU323;10.14;9.53
956;9244560;47.9;22.5;110;1;HU323;10.11;9.61
957;9584153;47.9;22.6;113;1;HU323;10.11;9.61
958;9426682;47.9;22.7;115;1;HU323;10.13;9.64
959;9361427;47.9;22.8;117;1;HU323;10.08;9.65
960;9734048;48;17.2;126;1;HU221;10.66;9.25
961;9655031;48;18.9;321;3;HU102;8.14;11.5
962;9841326;48;19;372;3;HU313;10.21;4.59
963;9801362;48;19.1;192;1;HU313;11.41;7.43
964;9826890;48;19.2;171;1;HU313;9.94;9.87
965;9755913;48;19.3;204;3;HU313;10.2;9.65
966;9851823;48;19.4;210;3;HU313;9.35;10.32
967;9847460;48;19.5;273;3;HU313;9.17;9.5
968;9902206;48;19.6;314;3;HU313;10.39;8.42
969;9887349;48;19.7;288;3;HU313;11.39;9.45
970;9786777;48;19.8;255;3;HU313;9.85;12.65
971;9852778;48;19.9;283;3;HU313;9.09;11.75
972;9710217;48;20;271;3;HU312;10.34;8.75
973;9656185;48;20.1;219;3;HU312;10;8.98
974;9968666;48;20.2;267;3;HU312;9.06;8.77
975;9833210;48;20.3;316;3;HU312;11.01;8.08
976;9650429;48;20.4;424;3;HU312;8.34;9.71
977;9797499;48;20.5;454;3;HU311;7.5;11.12
978;9894230;48;20.6;435;3;HU311;7.29;9.11
979;9879130;48;20.7;245;3;HU311;8.8;10.71
980;9854030;48;20.8;155;1;HU311;9.17;10.15
981;9704286;48;20.9;101;1;HU311;10.08;9.54
982;9798028;48;21;99;1;HU311;10.03;9.42
983;9793368;48;21.1;91;2;HU311;10.15;9.48
984;9651158;48;21.2;92;1;HU323;10.23;9.26
985;9690086;48;21.3;92;1;HU323;10.27;9.35
986;9863958;48;21.4;95;1;HU323;10.28;9.3
987;9823554;48;21.5;99;1;HU323;10.26;9.41
988;9668877;48;21.6;104;1;HU323;10.15;9.42
989;9599185;48;21.7;103;1;HU323;10.09;9.29
990;9630349;48;21.8;106;1;HU323;10.15;9.39
991;9895512;48;21.9;109;1;HU323;10.19;9.49
992;9835238;48;22;119;1;HU323;9.93;9.51
993;9804698;48;22.1;134;3;HU323;9.92;9.59
994;9717378;48;22.2;139;1;HU323;9.6;9.46
995;9610189;48;22.3;124;1;HU323;10.04;9.22
996;9900944;48;22.4;109;1;HU323;10.06;9.56
997;9600026;48;22.5;109;1;HU323;10.08;9.55
998;9600094;48;22.6;110;1;HU323;9.92;9.48
999;9841009;48;22.7;112;1;HU323;10.06;9.6
1000;9702075;48;22.8;116;1;HU323;10.06;9.57
1001;10166310;48.1;19.5;168;1;HU313;10.23;10.43
1002;10146237;48.1;19.6;222;1;HU313;8.91;9.69
1003;10001504;48.1;19.7;250;3;HU313;9.48;8.8
1004;10291312;48.1;19.8;346;3;HU313;9.78;9.99
1005;10191511;48.1;19.9;389;3;HU313;7.32;9.12
1006;10331494;48.1;20;293;3;HU313;8.63;9.31
1007;10089540;48.1;20.1;323;3;HU312;8.88;9.97
1008;10262061;48.1;20.2;329;3;HU312;8.59;9.73
1009;10172278;48.1;20.3;339;3;HU312;9.12;11.99
1010;10247205;48.1;20.4;474;3;HU312;7.83;12.93
1011;10051055;48.1;20.5;677;3;HU311;5.55;6.45
1012;10297062;48.1;20.6;518;3;HU311;9.21;7.11
1013;10192808;48.1;20.7;305;3;HU311;10.43;7.43
1014;10263422;48.1;20.8;132;1;HU311;10.28;9.09
1015;10012912;48.1;20.9;112;1;HU311;10.04;9.55
1016;10183553;48.1;21;137;1;HU311;9.82;9.12
1017;10006438;48.1;21.1;112;1;HU311;10.35;9.1
1018;10208702;48.1;21.2;92;1;HU311;10.44;9.12
1019;10283185;48.1;21.3;92;1;HU311;10.13;9.42
1020;10233292;48.1;21.4;120;1;HU311;10.19;9.08
1021;10091029;48.1;21.5;101;1;HU323;10;9.35
1022;10188872;48.1;21.6;102;1;HU323;10.04;9.26
1023;10069703;48.1;21.7;95;1;HU323;10.05;9.42
1024;10224284;48.1;21.8;97;1;HU323;10.07;9.41
1025;10259506;48.1;21.9;99;1;HU323;10.1;9.33
1026;10199508;48.1;22;105;3;HU323;10.19;9.57
1027;10339989;48.1;22.1;115;1;HU323;9.98;9.72
1028;10008478;48.1;22.2;124;3;HU323;9.8;9.4
1029;10225388;48.1;22.3;115;3;HU323;10.04;9.32
1030;10139620;48.1;22.4;107;1;HU323;9.95;9.39
1031;10300512;48.1;22.5;109;1;HU323;10.07;9.49
1032;10049504;48.1;22.6;111;3;HU323;10.05;9.38
1033;10049660;48.1;22.7;112;1;HU323;9.95;9.62
1034;10160896;48.1;22.8;115;1;HU323;9.97;9.53
1035;10509636;48.2;19.6;233;3;HU313;10.23;9.99
1036;10474556;48.2;19.7;259;3;HU313;8.48;9.79
1037;10412594;48.2;20.1;294;3;HU311;8.42;10.39
1038;10484949;48.2;20.2;264;3;HU311;9.06;9.47
1039;10386189;48.2;20.3;263;3;HU311;9.85;9.97
1040;10599741;48.2;20.4;301;3;HU311;9.74;10.93
1041;10418311;48.2;20.5;287;3;HU311;7.72;11.96
1042;10465317;48.2;20.6;267;3;HU311;9.63;8.8
1043;10413759;48.2;20.7;180;2;HU311;10.85;8
1044;10413985;48.2;20.8;138;1;HU311;10.53;8.73
1045;10491324;48.2;20.9;159;1;HU311;10.06;9.26
1046;10521455;48.2;21;150;1;HU311;9.73;10.16
1047;10359943;48.2;21.1;173;1;HU311;10.65;8.24
1048;10491762;48.2;21.2;158;1;HU311;10.36;8.45
1049;10471244;48.2;21.3;238;3;HU311;8.55;10.18
1050;10522313;48.2;21.4;131;2;HU311;9.9;9.39
1051;10404071;48.2;21.5;98;1;HU311;9.64;9.55
1052;10607088;48.2;21.6;95;1;HU311;10.07;8.96
1053;10436296;48.2;21.7;94;1;HU311;10;9.23
1054;10482725;48.2;21.8;95;1;HU323;9.91;9.28
1055;10441521;48.2;21.9;95;1;HU323;10;9.38
1056;10573375;48.2;22;96;1;HU323;10;9.54
1057;10383896;48.2;22.1;106;1;HU323;9.8;9.6
1058;10395039;48.2;22.2;112;3;HU323;9.83;9.51
1059;10483782;48.2;22.3;106;1;HU323;9.94;9.41
1060;10379003;48.2;22.4;107;1;HU323;9.96;9.5
1061;10509566;48.2;22.5;109;1;HU323;9.94;9.54
1062;10723061;48.3;20.4;210;1;HU311;9.62;11.18
1063;10748275;48.3;20.5;255;3;HU311;8.05;8.96
1064;10683709;48.3;20.6;192;3;HU311;8.34;8.71
1065;10694119;48.3;20.7;180;1;HU311;9.84;9.37
1066;10622275;48.3;20.8;190;1;HU311;9.51;10.19
1067;10709072;48.3;20.9;180;1;HU311;10.22;9.32
1068;10744941;48.3;21;173;1;HU311;9.37;9.28
1069;10669308;48.3;21.1;155;1;HU311;10.41;9.49
1070;10709685;48.3;21.2;193;1;HU311;10.79;10.26
1071;10685560;48.3;21.3;385;3;HU311;8.22;8.03
1072;10690307;48.3;21.4;272;3;HU311;9.16;7.93
1073;10705964;48.3;21.5;185;3;HU311;9.09;9.74
1074;10696248;48.3;21.6;99;1;HU311;9.48;9.72
1075;10766473;48.3;21.7;95;1;HU311;9.82;9.24
1076;10721584;48.3;21.8;95;1;HU311;9.88;9.3
1077;10731738;48.3;21.9;94;1;HU311;9.95;9.31
1078;10801979;48.3;22;98;1;HU311;9.8;9.35
1079;10717319;48.3;22.1;101;1;HU323;9.84;9.6
1080;10762471;48.3;22.2;108;1;HU323;9.72;9.44
1081;10667462;48.3;22.3;106;3;HU323;9.74;9.31
1082;10897788;48.4;20.5;300;3;HU311;8.98;9.12
1083;10924129;48.4;20.6;253;3;HU311;8.57;9.23
1084;10866782;48.4;20.7;203;3;HU311;9.39;9.26
1085;10861790;48.4;20.8;232;3;HU311;9.19;9.37
1086;10884019;48.4;20.9;229;3;HU311;8.75;8.73
1087;10856185;48.4;21;228;1;HU311;9.65;9.44
1088;10916151;48.4;21.1;230;3;HU311;10.2;8.51
1089;10936628;48.4;21.2;162;1;HU311;10.2;11.25
1090;10818845;48.4;21.3;414;3;HU311;6.71;10.85
1091;10880379;48.4;21.4;465;3;HU311;7.36;7.01
1092;10864472;48.4;21.5;310;3;HU311;7.86;7.28
1093;10833902;48.4;21.6;200;3;HU311;10.02;8.58
1094;10870740;48.4;22.2;105;1;HU323;9.75;9.43
1095;10966930;48.5;20.6;373;3;HU311;8.13;7.87
1096;10967507;48.5;20.7;282;3;HU311;9.52;10.25
1097;11002422;48.5;20.8;225;3;HU311;9.75;9.45
1098;11020075;48.5;20.9;228;3;HU311;9.45;9.34
1099;11011737;48.5;21;257;3;HU311;9.29;9.46
1100;10963471;48.5;21.2;212;3;HU311;10.77;8.96
1101;11015731;48.5;21.3;268;3;HU311;10.31;11.27
1102;11037958;48.5;21.4;407;3;HU311;7.85;8.96
1103;10999969;48.5;21.5;299;3;HU311;9.03;9.58
1104;10977225;48.5;21.6;171;1;HU311;8.59;9.83
